{
  "best_single_model": "XGBoost",
  "best_overall_model": "XGBoost",
  "feature_cols": [
    "some_delta",
    "full_delta",
    "mem_available",
    "pgscan_direct",
    "pgsteal_direct",
    "pgmajfault",
    "workingset_refault",
    "allocstall",
    "pswpin",
    "pswpout",
    "some_sum_2",
    "pgscan_sum_2",
    "pgmaj_sum_2",
    "some_max_2",
    "some_min_2",
    "some_sum_6",
    "pgscan_sum_6",
    "pgmaj_sum_6",
    "some_max_6",
    "some_min_6",
    "some_sum_10",
    "pgscan_sum_10",
    "pgmaj_sum_10",
    "some_max_10",
    "some_min_10",
    "diff_some",
    "diff_pgscan",
    "mem_drop",
    "some_std_6",
    "pgscan_std_6",
    "some_lag_1",
    "pgscan_lag_1",
    "some_lag_2",
    "pgscan_lag_2",
    "some_lag_3",
    "pgscan_lag_3",
    "some_lag_4",
    "pgscan_lag_4",
    "some_ewm_6",
    "pgscan_ewm_6",
    "pgscan_per_mem",
    "alloc_per_mem",
    "swap_ratio"
  ],
  "spike_threshold_us": 100000,
  "all_results": {
    "XGBoost": {
      "pr_auc": 0.5216877652458595,
      "roc_auc": 0.8252340653825521,
      "f1": 0.5612244897959183,
      "precision": 0.5913978494623656,
      "recall": 0.5339805825242718,
      "decision_threshold": 0.5549709796905518
    },
    "LightGBM": {
      "pr_auc": 0.4944384436524474,
      "roc_auc": 0.8273540660747971,
      "f1": 0.5436893203883495,
      "precision": 0.5436893203883495,
      "recall": 0.5436893203883495,
      "decision_threshold": 0.5946216106528421
    },
    "CatBoost": {
      "pr_auc": 0.5199178553309824,
      "roc_auc": 0.8312565979613381,
      "f1": 0.5628140703517588,
      "precision": 0.5833333333333334,
      "recall": 0.5436893203883495,
      "decision_threshold": 0.375415858794359
    },
    "BalancedRF": {
      "pr_auc": 0.4934365768209037,
      "roc_auc": 0.8219459010435596,
      "f1": 0.5377358490566038,
      "precision": 0.5229357798165137,
      "recall": 0.5533980582524272,
      "decision_threshold": 0.5702488451612482
    },
    "Stacking": {
      "pr_auc": 0.49763685220015463,
      "roc_auc": 0.8293615769343924,
      "f1": 0.5566037735849056,
      "precision": 0.5412844036697247,
      "recall": 0.5728155339805825,
      "decision_threshold": 0.24173665442724557
    }
  },
  "optuna_best_params": {
    "XGBoost": {
      "max_depth": 4,
      "learning_rate": 0.09399623514677957,
      "subsample": 0.8067942203869204,
      "colsample_bytree": 0.5140010313305408,
      "reg_alpha": 0.15996118170813833,
      "reg_lambda": 0.011370877355659269,
      "min_child_weight": 8,
      "gamma": 2.725767796147393,
      "scale_pos_weight": 3.4888658280687146
    },
    "LightGBM": {
      "max_depth": 5,
      "learning_rate": 0.011451975664616965,
      "num_leaves": 38,
      "subsample": 0.6708181120746479,
      "colsample_bytree": 0.6507520009401526,
      "reg_alpha": 0.07975363668002589,
      "reg_lambda": 1.7854822108498898,
      "min_child_samples": 34,
      "scale_pos_weight": 6.885329830221057
    },
    "CatBoost": {
      "depth": 6,
      "learning_rate": 0.019851733401994115,
      "l2_leaf_reg": 1.455922765883844,
      "subsample": 0.8745024051522797,
      "colsample_bylevel": 0.6159498657618021,
      "min_data_in_leaf": 15,
      "scale_pos_weight": 1.6709405733015532
    },
    "BalancedRF": {
      "n_estimators": 486,
      "max_depth": 11,
      "min_samples_split": 15,
      "min_samples_leaf": 15,
      "max_features": 0.3461918520930496,
      "sampling_strategy": 0.509602570129657,
      "replacement": false
    }
  },
  "stacking_meta_coefs": {
    "XGBoost": 0.6678984396021709,
    "LightGBM": 1.5031028352524451,
    "CatBoost": 0.05551501276062965,
    "BalancedRF": 3.1975065004470777
  }
}